name,url,test_type
Apprentice + 8.0 Job Focused Assessment,https://www.shl.com/products/product-catalog/view/apprentice-8-0-job-focused-assessment-4261/,"B,P"
Apprentice 8.0 Job Focused Assessment,https://www.shl.com/products/product-catalog/view/apprentice-8-0-job-focused-assessment/,"B,P"
Global Skills Development Report,https://www.shl.com/products/product-catalog/view/global-skills-development-report/,"A,E,B,C,D,P"
.NET Framework 4.5,https://www.shl.com/products/product-catalog/view/net-framework-4-5/,K
.NET MVC (New),https://www.shl.com/products/product-catalog/view/net-mvc-new/,K
.NET MVVM (New),https://www.shl.com/products/product-catalog/view/net-mvvm-new/,K
.NET WCF (New),https://www.shl.com/products/product-catalog/view/net-wcf-new/,K
.NET WPF (New),https://www.shl.com/products/product-catalog/view/net-wpf-new/,K
.NET XAML (New),https://www.shl.com/products/product-catalog/view/net-xaml-new/,K
Accounts Payable (New),https://www.shl.com/products/product-catalog/view/accounts-payable-new/,K
Accounts Payable Simulation (New),https://www.shl.com/products/product-catalog/view/accounts-payable-simulation-new/,S
Accounts Receivable (New),https://www.shl.com/products/product-catalog/view/accounts-receivable-new/,K
Accounts Receivable Simulation (New),https://www.shl.com/products/product-catalog/view/accounts-receivable-simulation-new/,S
ADO.NET (New),https://www.shl.com/products/product-catalog/view/ado-net-new/,K
Contact Center Customer Service + 8.0,https://www.shl.com/products/product-catalog/view/contact-center-customer-service-8-0/,"A,B,C,P,S"
Contact Center Customer Service 8.0,https://www.shl.com/products/product-catalog/view/contact-center-customer-service-8-0-4269/,"S,B,C,P"
Contact Center Sales & Service + 8.0,https://www.shl.com/products/product-catalog/view/contact-center-sales-and-service-8-0/,"P,B,C,A,S"
Contact Center Sales & Service 8.0,https://www.shl.com/products/product-catalog/view/contact-center-sales-and-service-8-0-4268/,"S,B,C,P"
Adobe Experience Manager (New),https://www.shl.com/products/product-catalog/view/adobe-experience-manager-new/,K
Adobe Photoshop CC,https://www.shl.com/products/product-catalog/view/adobe-photoshop-cc/,K
Aeronautical Engineering (New),https://www.shl.com/products/product-catalog/view/aeronautical-engineering-new/,K
Aerospace Engineering (New),https://www.shl.com/products/product-catalog/view/aerospace-engineering-new/,K
Agile Software Development,https://www.shl.com/products/product-catalog/view/agile-software-development/,K
Agile Testing (New),https://www.shl.com/products/product-catalog/view/agile-testing-new/,K
AI Skills,https://www.shl.com/products/product-catalog/view/ai-skills/,P
Amazon Web Services (AWS) Development (New),https://www.shl.com/products/product-catalog/view/amazon-web-services-aws-development-new/,K
Android Development (New),https://www.shl.com/products/product-catalog/view/android-development-new/,K
Angular 6 (New),https://www.shl.com/products/product-catalog/view/angular-6-new/,K
AngularJS (New),https://www.shl.com/products/product-catalog/view/angularjs-new/,K
Apache Hadoop (New),https://www.shl.com/products/product-catalog/view/apache-hadoop-new/,K
Entry Level Cashier 7.1 (Americas),https://www.shl.com/products/product-catalog/view/entry-level-cashier-7-1-%28americas%29/,"B,P,A"
Entry Level Cashier 7.1 (International),https://www.shl.com/products/product-catalog/view/entry-level-cashier-7-1-%28international%29/,"A,B,P"
Entry Level Customer Service 7.1 (Americas),https://www.shl.com/products/product-catalog/view/entry-level-customer-service-7-1-%28americas%29/,"C,P"
Entry Level Customer Service 7.1 (International),https://www.shl.com/products/product-catalog/view/entry-level-customer-service-%28retail-and-cc%29-7-1/,"C,P"
Entry Level Customer Service 7.1 (South Africa),https://www.shl.com/products/product-catalog/view/entry-level-customer-service-7-1-%28south-africa%29/,"C,P"
Entry level Sales 7.1 (Americas),https://www.shl.com/products/product-catalog/view/entry-level-sales-7-1-%28americas%29/,"B,C,P"
Entry level Sales 7.1 (International),https://www.shl.com/products/product-catalog/view/entry-level-sales-7-1/,"P,B,C"
Entry Level Sales Sift Out 7.1,https://www.shl.com/products/product-catalog/view/entry-level-sales-sift-out-7-1/,"C,P,B"
Apache Hadoop Extensions (New),https://www.shl.com/products/product-catalog/view/apache-hadoop-extensions-new/,K
Apache HBase (New),https://www.shl.com/products/product-catalog/view/apache-hbase-new/,K
Apache Hive (New),https://www.shl.com/products/product-catalog/view/apache-hive-new/,K
Apache Kafka (New),https://www.shl.com/products/product-catalog/view/apache-kafka-new/,K
Apache Pig (New),https://www.shl.com/products/product-catalog/view/apache-pig-new/,K
Apache Spark (New),https://www.shl.com/products/product-catalog/view/apache-spark-new/,K
ASP .NET with C# (New),https://www.shl.com/products/product-catalog/view/asp-net-with-c-new/,K
ASP.NET 4.5,https://www.shl.com/products/product-catalog/view/asp-net-4-5/,K
Assessment and Development Center Exercises,https://www.shl.com/products/product-catalog/view/assessment-and-development-center-exercises/,E
Automata - Fix (New),https://www.shl.com/products/product-catalog/view/automata-fix-new/,S
Automata - SQL (New),https://www.shl.com/products/product-catalog/view/automata-sql-new/,S
Automata (New),https://www.shl.com/products/product-catalog/view/automata-new/,S
General Entry Level - All Industries 7.1(Americas),https://www.shl.com/products/product-catalog/view/general-entry-level-all-industries-7-1%28americas%29/,B
Graduate + 8.0 Job Focused Assessment,https://www.shl.com/products/product-catalog/view/graduate-8-0-job-focused-assessment/,"A,B,P"
Graduate 7.1 Job Focused Assessment,https://www.shl.com/products/product-catalog/view/graduate-7-1-job-focused-assessment/,"B,C"
Graduate 8.0 Job Focused Assessment,https://www.shl.com/products/product-catalog/view/graduate-8-0-job-focused-assessment-4228/,"P,B"
Automata Data Science (New),https://www.shl.com/products/product-catalog/view/automata-data-science-new/,S
Automata Data Science Pro (New),https://www.shl.com/products/product-catalog/view/automata-data-science-pro-new/,S
Automata Front End,https://www.shl.com/products/product-catalog/view/automata-front-end/,S
Automata Pro (New),https://www.shl.com/products/product-catalog/view/automata-pro-new/,S
Automata Selenium,https://www.shl.com/products/product-catalog/view/automata-selenium/,S
Automation Anywhere RPA Development (New),https://www.shl.com/products/product-catalog/view/automation-anywhere-rpa-development-new/,K
Automotive Engineering (New),https://www.shl.com/products/product-catalog/view/automotive-engineering-new/,K
Basic Biology (New),https://www.shl.com/products/product-catalog/view/basic-biology-new/,K
Basic Computer Literacy (Windows 10) (New),https://www.shl.com/products/product-catalog/view/basic-computer-literacy-windows-10-new/,"S,K"
Basic Statistics (New),https://www.shl.com/products/product-catalog/view/basic-statistics-new/,K
Biochemistry (New),https://www.shl.com/products/product-catalog/view/biochemistry-new/,K
Biotech Lab Techniques (New),https://www.shl.com/products/product-catalog/view/biotech-lab-techniques-new/,K
Industrial - Entry Level 7.1 (Americas),https://www.shl.com/products/product-catalog/view/industrial-entry-level-7-1-%28americas%29/,B
Industrial - Entry Level 7.1 (International),https://www.shl.com/products/product-catalog/view/industrial-entry-level-7-1-%28international%29/,B
BizTalk (New),https://www.shl.com/products/product-catalog/view/biztalk-new/,K
Business Communication (adaptive),https://www.shl.com/products/product-catalog/view/business-communication-adaptive/,K
Business Communications,https://www.shl.com/products/product-catalog/view/business-communications/,K
C Programming (New),https://www.shl.com/products/product-catalog/view/c-programming-new/,K
C# Programming (New),https://www.shl.com/products/product-catalog/view/c-programming-new-4039/,K
C++ Programming (New),https://www.shl.com/products/product-catalog/view/c-programming-new-4122/,K
Cardiology and Diabetes Management (New),https://www.shl.com/products/product-catalog/view/cardiology-and-diabetes-management-new/,K
Ceramic Engineering (New),https://www.shl.com/products/product-catalog/view/ceramic-engineering-new/,K
Chemical Engineering (New),https://www.shl.com/products/product-catalog/view/chemical-engineering-new/,K
Cisco AppDynamics (New),https://www.shl.com/products/product-catalog/view/cisco-appdynamics-new/,K
Civil Engineering (New),https://www.shl.com/products/product-catalog/view/civil-engineering-new/,K
Cloud Computing (New),https://www.shl.com/products/product-catalog/view/cloud-computing-new/,K
Industrial - Semi-skilled 7.1 (Americas),https://www.shl.com/products/product-catalog/view/industrial-semi-skilled-7-1-%28americas%29/,B
Industrial - Semi-skilled 7.1 (International),https://www.shl.com/products/product-catalog/view/industrial-semi-skilled-7-1-%28international%29/,B
Industrial Professional and Skilled 7.1 (Americas),https://www.shl.com/products/product-catalog/view/industrial-professional-and-skilled-7-1-%28americas%29/,"A,B"
COBOL Programming (New),https://www.shl.com/products/product-catalog/view/cobol-programming-new/,K
Computer Science (New),https://www.shl.com/products/product-catalog/view/computer-science-new/,K
Contact Center Call Simulation (New),https://www.shl.com/products/product-catalog/view/contact-center-call-simulation-new/,S
Conversational Multichat Simulation,https://www.shl.com/products/product-catalog/view/conversational-multichat-simulation/,S
Core Java (Advanced Level) (New),https://www.shl.com/products/product-catalog/view/core-java-advanced-level-new/,K
Core Java (Entry Level) (New),https://www.shl.com/products/product-catalog/view/core-java-entry-level-new/,K
Count Out The Money,https://www.shl.com/products/product-catalog/view/count-out-the-money/,"K,S"
CSS3 (New),https://www.shl.com/products/product-catalog/view/css3-new/,K
Culinary Skills (New),https://www.shl.com/products/product-catalog/view/culinary-skills-new/,K
Customer Service Phone Simulation,https://www.shl.com/products/product-catalog/view/customer-service-phone-simulation/,"B,S"
Cyber Risk (New),https://www.shl.com/products/product-catalog/view/cyber-risk-new/,K
Manager + 7.1 (Americas),https://www.shl.com/products/product-catalog/view/manager-7-1-solution-4242/,"B,C,P"
Manager + 7.1 (International),https://www.shl.com/products/product-catalog/view/manager-7-1-%28international%29/,"B,C,P"
Manager 7.1 (Americas),https://www.shl.com/products/product-catalog/view/manager-7-1-%28americas%29/,"B,C,P"
Manager 7.1 (International),https://www.shl.com/products/product-catalog/view/manager-7-1-solution/,"B,C,P"
Manager 8.0 JFA,https://www.shl.com/products/product-catalog/view/manager-8-0-jfa/,"B,K,P"
Manager 8.0+ JFA,https://www.shl.com/products/product-catalog/view/manager-8-0-jfa-4310/,"B,K,P"
Manufacturing Production Team Member,https://www.shl.com/products/product-catalog/view/manufacturing-production-team-member/,"A,B"
Manufacturing Skilled Maintenance Worker,https://www.shl.com/products/product-catalog/view/manufacturing-skilled-maintenance-worker/,"A,B"
Data Entry (New),https://www.shl.com/products/product-catalog/view/data-entry-new/,S
Data Entry Alphanumeric Split Screen - US,https://www.shl.com/products/product-catalog/view/data-entry-alphanumeric-split-screen-us/,K
Data Entry Numeric Split Screen - US,https://www.shl.com/products/product-catalog/view/data-entry-numeric-split-screen-us/,K
Data Entry Ten Key Split Screen,https://www.shl.com/products/product-catalog/view/data-entry-ten-key-split-screen/,K
Data Science (New),https://www.shl.com/products/product-catalog/view/data-science-new/,K
Data Warehousing Concepts,https://www.shl.com/products/product-catalog/view/data-warehousing-concepts/,K
Dependability and Safety Instrument (DSI),https://www.shl.com/products/product-catalog/view/dependability-and-safety-instrument-dsi/,P
Dermatology (New),https://www.shl.com/products/product-catalog/view/dermatology-new/,K
Desktop Support (New),https://www.shl.com/products/product-catalog/view/desktop-support-new/,K
Digital Advertising (New),https://www.shl.com/products/product-catalog/view/digital-advertising-new/,K
Digital Readiness Development Report - IC,https://www.shl.com/products/product-catalog/view/digital-readiness-development-report/,P
Digital Readiness Development Report - Manager,https://www.shl.com/products/product-catalog/view/digital-readiness-development-report-manager/,P
Professional + 7.1 (Americas),https://www.shl.com/products/product-catalog/view/professional-7-1-%28americas%29/,"B,C,P"
Professional + 7.1 (International),https://www.shl.com/products/product-catalog/view/professional-7-1-solution/,"B,C,P"
Professional 7.1 (International),https://www.shl.com/products/product-catalog/view/professional-7-1-solution-4247/,"C,B"
Professional 8.0 JFA,https://www.shl.com/products/product-catalog/view/professional-8-0-jfa/,"B,K,P"
Docker (New),https://www.shl.com/products/product-catalog/view/docker-new/,K
Dojo (New),https://www.shl.com/products/product-catalog/view/dojo-new/,K
Drupal (New),https://www.shl.com/products/product-catalog/view/drupal-new/,K
DSI v1.1 Interpretation Report,https://www.shl.com/products/product-catalog/view/dsi-v1-1-interpretation-report/,P
Econometrics (New),https://www.shl.com/products/product-catalog/view/econometrics-new/,K
Economics (New),https://www.shl.com/products/product-catalog/view/economics-new/,K
Electrical and Electronics Engineering (New),https://www.shl.com/products/product-catalog/view/electrical-and-electronics-engineering-new/,K
Electrical Engineering (New),https://www.shl.com/products/product-catalog/view/electrical-engineering-new/,K
Electronics & Telecommunications Engineering (New),https://www.shl.com/products/product-catalog/view/electronics-and-telecommunications-engineering-new/,K
Electronics and Embedded Systems Engineering (New),https://www.shl.com/products/product-catalog/view/electronics-and-embedded-systems-engineering-new/,K
Electronics and Semiconductor Engineering (New),https://www.shl.com/products/product-catalog/view/electronics-and-semiconductor-engineering-new/,K
English Comprehension (New),https://www.shl.com/products/product-catalog/view/english-comprehension-new/,K
Sales Professional 7.1 (Americas),https://www.shl.com/products/product-catalog/view/sales-professional-7-1-%28americas%29/,"B,C"
Enterprise Java Beans (New),https://www.shl.com/products/product-catalog/view/enterprise-java-beans-new/,K
Enterprise Leadership Report 1.0,https://www.shl.com/products/product-catalog/view/enterprise-leadership-report/,P
Enterprise Leadership Report 2.0,https://www.shl.com/products/product-catalog/view/enterprise-leadership-report-2-0/,P
Entry Level Customer Serv-Retail & Contact Center,https://www.shl.com/products/product-catalog/view/entry-level-customer-serv-retail-and-contact-center/,"P,C"
ETL Testing (New),https://www.shl.com/products/product-catalog/view/etl-testing-new/,K
Executive Scenarios,https://www.shl.com/products/product-catalog/view/executive-scenarios/,B
Executive Scenarios Narrative Report,https://www.shl.com/products/product-catalog/view/executive-scenarios-narrative-report/,B
Store Manager 7.1 (Americas),https://www.shl.com/products/product-catalog/view/store-manager-7-1-%28americas%29/,"B,C"
Executive Scenarios Profile Report,https://www.shl.com/products/product-catalog/view/executive-scenarios-profile-report/,B
ExpressJS (New),https://www.shl.com/products/product-catalog/view/expressjs-new/,K
Filing - Names (R1),https://www.shl.com/products/product-catalog/view/filing-names-r1/,K
Filing - Numbers,https://www.shl.com/products/product-catalog/view/filing-numbers/,K
Financial Accounting (New),https://www.shl.com/products/product-catalog/view/financial-accounting-new/,K
Financial and Banking Services (New),https://www.shl.com/products/product-catalog/view/financial-and-banking-services-new/,K
Fire Engineering (New),https://www.shl.com/products/product-catalog/view/fire-engineering-new/,K
Following Instructions v1 - UK (R1),https://www.shl.com/products/product-catalog/view/following-instructions-v1-uk-r1/,K
Following Instructions v1 - US (R2),https://www.shl.com/products/product-catalog/view/following-instructions-v1-us-r2/,K
Food and Beverage Services (New),https://www.shl.com/products/product-catalog/view/food-and-beverage-services-new/,K
Food Science (New),https://www.shl.com/products/product-catalog/view/food-science-new/,K
Front Office Management (New),https://www.shl.com/products/product-catalog/view/front-office-management-new/,K
Store Manager 7.1 (International),https://www.shl.com/products/product-catalog/view/store-manager-7-1-%28international%29/,"C,B"
Supervisor 7.1 (Americas),https://www.shl.com/products/product-catalog/view/supervisor-7-1-%28americas%29/,"B,C,P"
Supervisor 7.1 (International),https://www.shl.com/products/product-catalog/view/supervisor-7-1-%28international%29/,"P,C,B"
Technology Professional 8.0 Job Focused Assessment,https://www.shl.com/products/product-catalog/view/technology-professional-8-0-job-focused-assessment/,"C,P"
Fundamentals of Chemistry (New),https://www.shl.com/products/product-catalog/view/fundamentals-of-chemistry-new/,K
Fundamentals of Physics (New),https://www.shl.com/products/product-catalog/view/fundamentals-of-physics-new/,K
General Diseases (New),https://www.shl.com/products/product-catalog/view/general-diseases-new/,K
Geoinformatics Engineering (New),https://www.shl.com/products/product-catalog/view/geoinformatics-engineering-new/,K
Geoscience Engineering (New),https://www.shl.com/products/product-catalog/view/geoscience-engineering-new/,K
GIT (New),https://www.shl.com/products/product-catalog/view/git-new/,K
Global Skills Assessment,https://www.shl.com/products/product-catalog/view/global-skills-assessment/,"C,K"
Graduate Scenarios,https://www.shl.com/products/product-catalog/view/graduate-scenarios/,B
Graduate Scenarios Narrative Report,https://www.shl.com/products/product-catalog/view/graduate-scenarios-narrative-report/,B
Graduate Scenarios Profile Report,https://www.shl.com/products/product-catalog/view/graduate-scenarios-profile-report/,B
Hibernate (New),https://www.shl.com/products/product-catalog/view/hibernate-new/,K
HIPAA (Security),https://www.shl.com/products/product-catalog/view/hipaa-security/,K
Teller 7.0,https://www.shl.com/products/product-catalog/view/teller-7-0/,"B,K,P,S"
Workplace Safety - Individual 7.1 (Americas),https://www.shl.com/products/product-catalog/view/workplace-safety-individual-7-1-solution/,B
Workplace Safety - Team 7.1 (Americas),https://www.shl.com/products/product-catalog/view/workplace-safety-team-7-1-%28americas%29/,"B,C,P"
Workplace Safety - Team 7.1 (International),https://www.shl.com/products/product-catalog/view/workplace-safety-team-7-1-solution/,"B,C,P"
HiPo Assessment Report 1.0,https://www.shl.com/products/product-catalog/view/hipo-assessment-report-1-0/,"C,P"
HiPo Assessment Report 2.0,https://www.shl.com/products/product-catalog/view/hipo-assessment-report-2-0/,"C,P"
HiPo Unlocking Potential Report 2.0,https://www.shl.com/products/product-catalog/view/hipo-unlocking-potential-report-2-0/,C
Housekeeping (New),https://www.shl.com/products/product-catalog/view/housekeeping-new/,K
HTML/CSS (New),https://www.shl.com/products/product-catalog/view/htmlcss-new/,K
HTML5 (New),https://www.shl.com/products/product-catalog/view/html5-new/,K
Human Resources (New),https://www.shl.com/products/product-catalog/view/human-resources-new/,K
IBM DataStage (New),https://www.shl.com/products/product-catalog/view/ibm-datastage-new/,K
IBM Sterling Order Management System (New),https://www.shl.com/products/product-catalog/view/ibm-sterling-order-management-system-new/,K
Industrial Engineering (New),https://www.shl.com/products/product-catalog/view/industrial-engineering-new/,K
Informatica (Architecture) (New),https://www.shl.com/products/product-catalog/view/informatica-architecture-new/,K
Informatica (Developer) (New),https://www.shl.com/products/product-catalog/view/informatica-developer-new/,K
Instrumentation Engineering (New),https://www.shl.com/products/product-catalog/view/instrumentation-engineering-new/,K
Interpersonal Communications,https://www.shl.com/products/product-catalog/view/interpersonal-communications/,K
Interviewing and Hiring Concepts (U.S.),https://www.shl.com/products/product-catalog/view/interviewing-and-hiring-concepts-u-s/,K
iOS Development (New),https://www.shl.com/products/product-catalog/view/ios-development-new/,K
ITIL (IT Infrastructure Library) (New),https://www.shl.com/products/product-catalog/view/itil-it-infrastructure-library-new/,K
Java 2 Platform Enterprise Edition 1.4 Fundamental,https://www.shl.com/products/product-catalog/view/java-2-platform-enterprise-edition-1-4-fundamental/,K
Java 8 (New),https://www.shl.com/products/product-catalog/view/java-8-new/,K
Java Design Patterns (New),https://www.shl.com/products/product-catalog/view/java-design-patterns-new/,K
Java Frameworks (New),https://www.shl.com/products/product-catalog/view/java-frameworks-new/,K
Java Platform Enterprise Edition 7 (Java EE 7),https://www.shl.com/products/product-catalog/view/java-platform-enterprise-edition-7-java-ee-7/,K
Java Web Services (New),https://www.shl.com/products/product-catalog/view/java-web-services-new/,K
JavaScript (New),https://www.shl.com/products/product-catalog/view/javascript-new/,K
Jenkins (New),https://www.shl.com/products/product-catalog/view/jenkins-new/,K
Job Control Language (New),https://www.shl.com/products/product-catalog/view/job-control-language-new/,K
jQuery (New),https://www.shl.com/products/product-catalog/view/jquery-new/,K
Kubernetes (New),https://www.shl.com/products/product-catalog/view/kubernetes-new/,K
Linux Administration (New),https://www.shl.com/products/product-catalog/view/linux-administration-new/,K
Linux Operating System,https://www.shl.com/products/product-catalog/view/linux-operating-system/,K
Linux Programming (General),https://www.shl.com/products/product-catalog/view/linux-programming-general/,K
Load Runner (New),https://www.shl.com/products/product-catalog/view/load-runner-new/,K
Management Scenarios,https://www.shl.com/products/product-catalog/view/management-scenarios/,B
Managerial Scenarios Candidate Report,https://www.shl.com/products/product-catalog/view/managerial-scenarios-candidate-report/,B
Managerial Scenarios Narrative Report,https://www.shl.com/products/product-catalog/view/managerial-scenarios-narrative-report/,B
Managerial Scenarios Profile Report,https://www.shl.com/products/product-catalog/view/managerial-scenarios-profile-report/,B
Manual Testing (New),https://www.shl.com/products/product-catalog/view/manual-testing-new/,K
Manufac. & Indust. - Mechanical & Vigilance 8.0,https://www.shl.com/products/product-catalog/view/mechanical-and-vigilance-focus-8-0/,"A,P"
Manufac. & Indust. - Safety & Dependability 8.0,https://www.shl.com/products/product-catalog/view/safety-and-dependability-focus-8-0/,P
Manufacturing & Industrial - Essential Focus 8.0,https://www.shl.com/products/product-catalog/view/essential-focus-8-0/,P
Manufacturing & Industrial - Mechanical Focus 8.0,https://www.shl.com/products/product-catalog/view/mechanical-focus-8-0/,"A,P"
Manufacturing & Industrial - Vigilance Focus 8.0,https://www.shl.com/products/product-catalog/view/vigilance-focus-8-0/,"A,P"
Marketing (New),https://www.shl.com/products/product-catalog/view/marketing-new/,K
Maven (New),https://www.shl.com/products/product-catalog/view/maven-new/,K
Mechanical Engineering (New),https://www.shl.com/products/product-catalog/view/mechanical-engineering-new/,K
Mechatronics Engineering (New),https://www.shl.com/products/product-catalog/view/mechatronics-engineering-new/,K
Medical Terminology (New),https://www.shl.com/products/product-catalog/view/medical-terminology-new/,K
Metallurgical Engineering (New),https://www.shl.com/products/product-catalog/view/metallurgical-engineering-new/,K
MFS 360 Enterprise Leadership Report,https://www.shl.com/products/product-catalog/view/mfs-360-enterprise-leadership-report/,D
MFS 360 UCF Group Report,https://www.shl.com/products/product-catalog/view/mfs-360-ucf-group-report/,D
MFS 360 UCF Performance Potential Dev Tips Report,https://www.shl.com/products/product-catalog/view/mfs-360-ucf-performance-potential-dev-tips-report/,D
MFS 360 UCF Standard Report,https://www.shl.com/products/product-catalog/view/mfs-360-ucf-standard-report/,D
Micro Focus Unified Functional Testing (New),https://www.shl.com/products/product-catalog/view/micro-focus-unified-functional-testing-new/,K
Microservices (New),https://www.shl.com/products/product-catalog/view/microservices-new/,K
Microsoft Dynamics Development (New),https://www.shl.com/products/product-catalog/view/microsoft-dynamics-development-new/,K
Microsoft Excel 365 - Essentials (New),https://www.shl.com/products/product-catalog/view/microsoft-excel-365-essentials-new/,"K,S"
Microsoft Excel 365 (New),https://www.shl.com/products/product-catalog/view/microsoft-excel-365-new/,"K,S"
Microsoft Outlook 2013 (adaptive),https://www.shl.com/products/product-catalog/view/microsoft-outlook-2013-adaptive/,K
Microsoft PowerPoint 365 - Essentials (New),https://www.shl.com/products/product-catalog/view/microsoft-powerpoint-365-essentials-new/,"K,S"
Microsoft SQL Server 2014 Programming,https://www.shl.com/products/product-catalog/view/microsoft-sql-server-2014-programming/,K
Microsoft Windows Server 2012 Administration,https://www.shl.com/products/product-catalog/view/microsoft-windows-server-2012-administration/,K
Microsoft Word 365 - Essentials (New),https://www.shl.com/products/product-catalog/view/microsoft-word-365-essentials-new/,"K,S"
Microsoft Word 365 (New),https://www.shl.com/products/product-catalog/view/microsoft-word-365-new/,"S,K"
Mineral Engineering (New),https://www.shl.com/products/product-catalog/view/mineral-engineering-new/,K
Mining Engineering (New),https://www.shl.com/products/product-catalog/view/mining-engineering-new/,K
Mobility (New),https://www.shl.com/products/product-catalog/view/mobility-new/,K
Molecular Biology (New),https://www.shl.com/products/product-catalog/view/molecular-biology-new/,K
MongoDB (New),https://www.shl.com/products/product-catalog/view/mongodb-new/,K
Motivation Questionnaire MQM5,https://www.shl.com/products/product-catalog/view/motivation-questionnaire-mqm5/,P
MQ Candidate Motivation Report,https://www.shl.com/products/product-catalog/view/mq-candidate-motivation-report/,P
MQ Employee Motivation Report,https://www.shl.com/products/product-catalog/view/mq-employee-motivation-report/,P
MQ Motivation Report Pack,https://www.shl.com/products/product-catalog/view/mq-motivation-report-pack/,P
MQ Profile,https://www.shl.com/products/product-catalog/view/mq-profile/,P
MS Access (New),https://www.shl.com/products/product-catalog/view/ms-access-new/,K
MS Excel (New),https://www.shl.com/products/product-catalog/view/ms-excel-new/,K
MS Office Basic Computer Literacy (New),https://www.shl.com/products/product-catalog/view/ms-office-basic-computer-literacy-new/,K
MS Office Basic Computer Literacy (Sim) (New),https://www.shl.com/products/product-catalog/view/ms-office-basic-computer-literacy-sim-new/,S
MS PowerPoint (New),https://www.shl.com/products/product-catalog/view/ms-powerpoint-new/,K
MS Word (New),https://www.shl.com/products/product-catalog/view/ms-word-new/,K
MuleSoft Development (New),https://www.shl.com/products/product-catalog/view/mulesoft-development-new/,K
Multitasking Ability,https://www.shl.com/products/product-catalog/view/multitasking-ability/,"A,K,S"
Networking and Implementation (New),https://www.shl.com/products/product-catalog/view/networking-and-implementation-new/,K
Node.js (New),https://www.shl.com/products/product-catalog/view/node-js-new/,K
Nursing (New),https://www.shl.com/products/product-catalog/view/nursing-new/,K
Occupational Personality Questionnaire OPQ32r,https://www.shl.com/products/product-catalog/view/occupational-personality-questionnaire-opq32r/,P
Operations Management (New),https://www.shl.com/products/product-catalog/view/operations-management-new/,K
OPQ Candidate Plus Report,https://www.shl.com/products/product-catalog/view/opq-candidate-plus-report/,P
OPQ Candidate Report 2.0,https://www.shl.com/products/product-catalog/view/opq-candidate-report-2-0/,P
OPQ Emotional Intelligence Report,https://www.shl.com/products/product-catalog/view/opq-emotional-intelligence-report/,P
OPQ Leadership Report,https://www.shl.com/products/product-catalog/view/opq-leadership-report/,P
OPQ Manager Plus Report,https://www.shl.com/products/product-catalog/view/opq-manager-plus-report/,P
OPQ Manager Plus Report 2.0,https://www.shl.com/products/product-catalog/view/opq-manager-plus-report-2-0/,P
OPQ Maximising your Learning Report,https://www.shl.com/products/product-catalog/view/opq-maximising-your-learning-report/,P
OPQ MQ Sales Report,https://www.shl.com/products/product-catalog/view/opq-mq-sales-report/,P
OPQ Premium Plus Report,https://www.shl.com/products/product-catalog/view/opq-premium-plus-report/,P
OPQ Premium Plus Report 2.0,https://www.shl.com/products/product-catalog/view/opq-premium-plus-report-2-0/,P
OPQ Profile Report,https://www.shl.com/products/product-catalog/view/opq-profile-report/,P
OPQ Team Impact Group Development Report,https://www.shl.com/products/product-catalog/view/opq-team-impact-group-development-report/,P
OPQ Team Impact Individual Development Report,https://www.shl.com/products/product-catalog/view/opq-team-impact-individual-development-report/,P
OPQ Team Impact Selection Report,https://www.shl.com/products/product-catalog/view/opq-team-impact-selection-report/,P
OPQ Team Types & Leadership Styles Profile,https://www.shl.com/products/product-catalog/view/opq-team-types-and-leadership-styles-profile/,P
OPQ Team Types and Leadership Styles Report,https://www.shl.com/products/product-catalog/view/opq-team-types-and-leadership-styles-report/,P
OPQ UCF Development Action Planner Report 1.0,https://www.shl.com/products/product-catalog/view/opq-ucf-development-action-planner-report/,P
OPQ UCF Development Action Planner Report 2.0,https://www.shl.com/products/product-catalog/view/opq-ucf-development-action-planner-report-2-0/,P
OPQ Universal Competency Report 1.0,https://www.shl.com/products/product-catalog/view/opq-universal-competency-report/,P
OPQ Universal Competency Report 2.0,https://www.shl.com/products/product-catalog/view/opq-universal-competency-report-2-0/,P
OPQ User and Managers Report,https://www.shl.com/products/product-catalog/view/opq-user-and-managers-report/,P
OPQ User Report,https://www.shl.com/products/product-catalog/view/opq-user-report/,"P,S"
Oracle DBA (Advanced Level) (New),https://www.shl.com/products/product-catalog/view/oracle-dba-advanced-level-new/,K
Oracle DBA (Entry Level) (New),https://www.shl.com/products/product-catalog/view/oracle-dba-entry-level-new/,K
Oracle PL/SQL (New),https://www.shl.com/products/product-catalog/view/oracle-plsql-new/,K
Oracle WebLogic Server (New),https://www.shl.com/products/product-catalog/view/oracle-weblogic-server-new/,K
Organic Chemistry (New),https://www.shl.com/products/product-catalog/view/organic-chemistry-new/,K
Paint Technology (New),https://www.shl.com/products/product-catalog/view/paint-technology-new/,K
Pediatrics (New),https://www.shl.com/products/product-catalog/view/pediatrics-new/,K
Pega Development (New),https://www.shl.com/products/product-catalog/view/pega-development-new/,K
Perl (New),https://www.shl.com/products/product-catalog/view/perl-new/,K
Petrochemical Engineering (New),https://www.shl.com/products/product-catalog/view/petrochemical-engineering-new/,K
Petroleum Engineering (New),https://www.shl.com/products/product-catalog/view/petroleum-engineering-new/,K
Pharmaceutical Analysis (New),https://www.shl.com/products/product-catalog/view/pharmaceutical-analysis-new/,K
Pharmaceutical Chemistry (New),https://www.shl.com/products/product-catalog/view/pharmaceutical-chemistry-new/,K
Pharmaceutical Science (New),https://www.shl.com/products/product-catalog/view/pharmaceutical-science-new/,K
Pharmaceutics (New),https://www.shl.com/products/product-catalog/view/pharmaceutics-new/,K
Pharmacology (New),https://www.shl.com/products/product-catalog/view/pharmacology-new/,K
PHP (New),https://www.shl.com/products/product-catalog/view/php-new/,K
PJM Development Report,https://www.shl.com/products/product-catalog/view/pjm-development-report/,"C,A,P"
PJM Selection Report,https://www.shl.com/products/product-catalog/view/pjm-selection-report/,"A,C,P"
Polymer Engineering (New),https://www.shl.com/products/product-catalog/view/polymer-engineering-new/,K
Power Electronics and Drives (New),https://www.shl.com/products/product-catalog/view/power-electronics-and-drives-new/,K
Power System Engineering (New),https://www.shl.com/products/product-catalog/view/power-system-engineering-new/,K
Prism (New),https://www.shl.com/products/product-catalog/view/prism-new/,K
Production and Industrial Engineering (New),https://www.shl.com/products/product-catalog/view/production-and-industrial-engineering-new/,K
Production Engineering (New),https://www.shl.com/products/product-catalog/view/production-engineering-new/,K
Programming Concepts,https://www.shl.com/products/product-catalog/view/programming-concepts/,K
Project Management (2013),https://www.shl.com/products/product-catalog/view/project-management-2013/,K
Proofreading v1,https://www.shl.com/products/product-catalog/view/proofreading-v1/,K
Python (New),https://www.shl.com/products/product-catalog/view/python-new/,K
R Programming (New),https://www.shl.com/products/product-catalog/view/r-programming-new/,K
ReactJS (New),https://www.shl.com/products/product-catalog/view/reactjs-new/,K
Reading Comprehension - English v1,https://www.shl.com/products/product-catalog/view/reading-comprehension-english-v1/,A
Reading Comprehension - Spanish v1,https://www.shl.com/products/product-catalog/view/reading-comprehension-spanish-v1/,A
Reading Comprehension v2,https://www.shl.com/products/product-catalog/view/reading-comprehension-v2/,A
RemoteWorkQ,https://www.shl.com/products/product-catalog/view/remoteworkq/,C
RemoteWorkQ Manager Report,https://www.shl.com/products/product-catalog/view/remoteworkq-manager-report/,C
RemoteWorkQ Participant Report,https://www.shl.com/products/product-catalog/view/remoteworkq-participant-report/,C
RESTful Web Services (New),https://www.shl.com/products/product-catalog/view/restful-web-services-new/,K
Retail Sales and Service Simulation,https://www.shl.com/products/product-catalog/view/retail-sales-and-service-simulation/,"B,K,S,A"
Reviewing Forms - US (R1),https://www.shl.com/products/product-catalog/view/reviewing-forms-us-r1/,K
Ruby (New),https://www.shl.com/products/product-catalog/view/ruby-new/,K
Ruby on Rails (New),https://www.shl.com/products/product-catalog/view/ruby-on-rails-new/,K
Sales & Service Phone Simulation,https://www.shl.com/products/product-catalog/view/sales-and-service-phone-simulation/,"S,B"
Sales Interview Guide,https://www.shl.com/products/product-catalog/view/sales-interview-guide/,"P,P"
Sales Profiler Cards,https://www.shl.com/products/product-catalog/view/sales-profiler-cards/,P
Sales Transformation 1.0 - Individual Contributor,https://www.shl.com/products/product-catalog/view/sales-transformation-report-individual-contributor/,P
Sales Transformation 2.0 - Individual Contributor,https://www.shl.com/products/product-catalog/view/salestransformationreport2-0-individualcontributor/,P
Sales Transformation Report 1.0 - Sales Manager,https://www.shl.com/products/product-catalog/view/sales-transformation-report-sales-manager/,P
Sales Transformation Report 2.0 - Sales Manager,https://www.shl.com/products/product-catalog/view/sales-transformation-report-2-0-sales-manager/,P
Salesforce Development (New),https://www.shl.com/products/product-catalog/view/salesforce-development-new/,K
SAP ABAP (Advanced Level) (New),https://www.shl.com/products/product-catalog/view/sap-abap-advanced-level-new/,K
SAP ABAP (Intermediate Level) (New),https://www.shl.com/products/product-catalog/view/sap-abap-intermediate-level-new/,K
SAP Basis (New),https://www.shl.com/products/product-catalog/view/sap-basis-new/,K
SAP Business Objects WebI (New),https://www.shl.com/products/product-catalog/view/sap-business-objects-webi-new/,K
SAP BW (Business Warehouse) (New),https://www.shl.com/products/product-catalog/view/sap-bw-business-warehouse-new/,K
SAP HCM (Human Capital Management) (New),https://www.shl.com/products/product-catalog/view/sap-hcm-human-capital-management-new/,K
SAP Hybris (New),https://www.shl.com/products/product-catalog/view/sap-hybris-new/,K
SAP Materials Management (New),https://www.shl.com/products/product-catalog/view/sap-materials-management-new/,K
SAP SD (Sales and Distribution) (New),https://www.shl.com/products/product-catalog/view/sap-sd-sales-and-distribution-new/,K
Search Engine Optimization (New),https://www.shl.com/products/product-catalog/view/search-engine-optimization-new/,K
Selenium (New),https://www.shl.com/products/product-catalog/view/selenium-new/,K
Shell Scripting (New),https://www.shl.com/products/product-catalog/view/shell-scripting-new/,K
SHL Verify Interactive - Inductive Reasoning,https://www.shl.com/products/product-catalog/view/shl-verify-interactive-inductive-reasoning/,"A,S"
SHL Verify Interactive – Deductive Reasoning,https://www.shl.com/products/product-catalog/view/shl-verify-interactive-deductive-reasoning/,"A,S"
SHL Verify Interactive – Numerical Reasoning,https://www.shl.com/products/product-catalog/view/shl-verify-interactive-numerical-reasoning/,"A,S"
SHL Verify Interactive G+,https://www.shl.com/products/product-catalog/view/shl-verify-interactive-g/,A
SHL Verify Interactive Numerical Calculation,https://www.shl.com/products/product-catalog/view/shl-verify-interactive-numerical-calculation/,A
Siebel Development (New),https://www.shl.com/products/product-catalog/view/siebel-development-new/,K
Smart Interview Live,https://www.shl.com/products/product-catalog/view/smart-interview-live/,P
Smart Interview Live Coding,https://www.shl.com/products/product-catalog/view/smart-interview-live-coding/,K
Smart Interview On Demand,https://www.shl.com/products/product-catalog/view/smart-interview-on-demand/,P
Social Media (New),https://www.shl.com/products/product-catalog/view/social-media-new/,K
Software Business Analysis,https://www.shl.com/products/product-catalog/view/software-business-analysis/,K
SonarQube (New),https://www.shl.com/products/product-catalog/view/sonarqube-new/,K
Spelling (U.S.) (New),https://www.shl.com/products/product-catalog/view/spelling-u-s-new/,K
Split Screen Typing Test - Form 1,https://www.shl.com/products/product-catalog/view/split-screen-typing-test-form-1/,"A,K"
Spring (New),https://www.shl.com/products/product-catalog/view/spring-new/,K
SQL (New),https://www.shl.com/products/product-catalog/view/sql-new/,K
SQL Server (New),https://www.shl.com/products/product-catalog/view/sql-server-new/,K
SQL Server Analysis Services (SSAS) (New),https://www.shl.com/products/product-catalog/view/sql-server-analysis-services-%28ssas%29-%28new%29/,K
SQL Server Integration Services (SSIS) (New),https://www.shl.com/products/product-catalog/view/sql-server-integration-services-ssis-new/,K
SQL Server Reporting Services (SSRS) (New),https://www.shl.com/products/product-catalog/view/sql-server-reporting-services-ssrs-new/,K
Statistical Analysis System (New),https://www.shl.com/products/product-catalog/view/statistical-analysis-system-new/,K
Struts (New),https://www.shl.com/products/product-catalog/view/struts-new/,K
SVAR - Spoken English (AUS),https://www.shl.com/products/product-catalog/view/svar-spoken-english-aus/,S
SVAR - Spoken English (Indian Accent) (New),https://www.shl.com/products/product-catalog/view/svar-spoken-english-indian-accent-new/,S
SVAR - Spoken English (U.K.),https://www.shl.com/products/product-catalog/view/svar-spoken-english-u-k/,S
SVAR - Spoken English (US) (New),https://www.shl.com/products/product-catalog/view/svar-spoken-english-us-new/,S
SVAR - Spoken French (Canadian) (New),https://www.shl.com/products/product-catalog/view/svar-spoken-french-canadian-new/,S
SVAR - Spoken French (European) (New),https://www.shl.com/products/product-catalog/view/svar-spoken-french-european-new/,S
SVAR - Spoken Spanish (Castilian) (New),https://www.shl.com/products/product-catalog/view/svar-spoken-spanish-castilian-new/,S
SVAR - Spoken Spanish (North American) (New),https://www.shl.com/products/product-catalog/view/svar-spoken-spanish-north-american-new/,S
Swing (New),https://www.shl.com/products/product-catalog/view/swing-new/,K
Tableau (New),https://www.shl.com/products/product-catalog/view/tableau-new/,K
Telecommunications Engineering (New),https://www.shl.com/products/product-catalog/view/telecommunications-engineering-new/,K
Teradata Development (New),https://www.shl.com/products/product-catalog/view/teradata-development-new/,K
Time Management (U.S.),https://www.shl.com/products/product-catalog/view/time-management-u-s/,K
Training Development,https://www.shl.com/products/product-catalog/view/training-development/,K
Typing (New),https://www.shl.com/products/product-catalog/view/typing-new/,S
UiPath RPA Development (New),https://www.shl.com/products/product-catalog/view/uipath-rpa-development-new/,K
Universal Competency Framework Interview Guide,https://www.shl.com/products/product-catalog/view/universal-competency-framework-interview-guide/,"C,P"
Universal Competency Framework Job profiling guide,https://www.shl.com/products/product-catalog/view/universal-competency-framework-job-profiling-guide/,"C,P"
Universal Competency Framework Profiler Cards (44),https://www.shl.com/products/product-catalog/view/universal-competency-framework-profiler-cards-44/,"C,P"
UNIX (New),https://www.shl.com/products/product-catalog/view/unix-new/,K
VB.NET (New),https://www.shl.com/products/product-catalog/view/vb-net-new/,K
Verify - Deductive Reasoning,https://www.shl.com/products/product-catalog/view/verify-deductive-reasoning/,A
Verify - Following Instructions,https://www.shl.com/products/product-catalog/view/verify-following-instructions/,A
Verify - G+,https://www.shl.com/products/product-catalog/view/verify-g/,A
Verify - General Ability Screen,https://www.shl.com/products/product-catalog/view/verify-general-ability-screen/,A
Verify - Inductive Reasoning (2014),https://www.shl.com/products/product-catalog/view/verify-inductive-reasoning-2014/,A
Verify - Numerical Ability,https://www.shl.com/products/product-catalog/view/verify-numerical-ability/,A
Verify - Technical Checking - Next Generation,https://www.shl.com/products/product-catalog/view/verify-technical-checking-next-generation/,A
Verify - Verbal Ability - Next Generation,https://www.shl.com/products/product-catalog/view/verify-verbal-ability-next-generation/,A
Verify - Working with Information,https://www.shl.com/products/product-catalog/view/verify-working-with-information/,A
Verify G+ - Ability Test Report,https://www.shl.com/products/product-catalog/view/verify-g-ability-test-report/,A
Verify G+ - Candidate Report,https://www.shl.com/products/product-catalog/view/verify-g-candidate-report/,A
Verify Interactive Ability Report,https://www.shl.com/products/product-catalog/view/verify-interactive-ability-report/,A
Verify Interactive G+ Candidate Report,https://www.shl.com/products/product-catalog/view/verify-interactive-g-candidate-report/,A
Verify Interactive G+ Report,https://www.shl.com/products/product-catalog/view/verify-interactive-g-report/,A
Verify Interactive Process Monitoring,https://www.shl.com/products/product-catalog/view/verify-interactive-process-monitoring/,A
Virtual Assessment and Development Centers,https://www.shl.com/products/product-catalog/view/virtual-assessment-and-development-centers/,P
Visual Basic for Applications (New),https://www.shl.com/products/product-catalog/view/visual-basic-for-applications-new/,K
Visual Comparison - UK,https://www.shl.com/products/product-catalog/view/visual-comparison-uk/,K
Visual Comparison - US,https://www.shl.com/products/product-catalog/view/visual-comparison-us/,K
VLSI and Embedded Systems (New),https://www.shl.com/products/product-catalog/view/vlsi-and-embedded-systems-new/,K
What Is The Value - US,https://www.shl.com/products/product-catalog/view/what-is-the-value-us/,K
Workplace Administration Skills (New),https://www.shl.com/products/product-catalog/view/workplace-administration-skills-new/,K
Workplace Health and Safety (New),https://www.shl.com/products/product-catalog/view/workplace-health-and-safety-new/,K
WriteX - Email Writing (Customer Service) (New),https://www.shl.com/products/product-catalog/view/writex-email-writing-customer-service-new/,S
WriteX - Email Writing (Managerial) (New),https://www.shl.com/products/product-catalog/view/writex-email-writing-managerial-new/,S
WriteX - Email Writing (Sales) (New),https://www.shl.com/products/product-catalog/view/writex-email-writing-sales-new/,"B,S"
Written English v1,https://www.shl.com/products/product-catalog/view/written-english-v1/,K
Written Spanish,https://www.shl.com/products/product-catalog/view/written-spanish/,K
Zabbix (New),https://www.shl.com/products/product-catalog/view/zabbix-new/,K
360 Digital Report,https://www.shl.com/products/product-catalog/view/360-digital-report/,D
360° Multi-Rater Feedback System (MFS),https://www.shl.com/products/product-catalog/view/360-multi-rater-feedback-system-mfs/,"D,P"
